"4,-50","4,0","4,200","4,400","4,600","16,-50","16,0","16,200","16,400","16,600"
0.00028705745353363454,0.00026737843290902674,0.00028055126313120127,0.0004891794524155557,0.0006551484693773091,0.0028831413947045803,0.003868871834129095,0.005065083038061857,0.0036902339197695255,0.0032477020286023617
0.0002801795781124383,0.0002687547530513257,0.00030080106807872653,0.00041489454451948404,0.0004470794228836894,0.0030385421123355627,0.0031125072855502367,0.005142356269061565,0.005420677363872528,0.0031932340934872627
0.00027075663092546165,0.000275546801276505,0.00028259973623789847,0.0003463115426711738,0.00033539769356139004,0.003397989785298705,0.0038915383629500866,0.005804040469229221,0.01116987969726324,0.007199916988611221
0.0002817566564772278,0.0002857591607607901,0.0003407433396205306,0.00029519700910896063,0.00030885954038240016,0.0034552505239844322,0.003687745425850153,0.00915526133030653,0.00980715174227953,0.010318673215806484
0.00026371239800937474,0.0002940761623904109,0.0018982592737302184,0.00026184594025835395,0.0005964376032352448,0.0030882651917636395,0.0028724423609673977,0.011598640121519566,0.008860748261213303,0.008705208078026772
0.00026934134075418115,0.00029526391881518066,0.0018899767892435193,0.00024298253993038088,0.00031105842208489776,0.0028742956928908825,0.0041933488100767136,0.010543952696025372,0.009674740023911,0.00672546261921525
0.00027797400252893567,0.00029227917548269033,0.001619002316147089,0.00023236240667756647,0.0002260323817608878,0.0023949905298650265,0.0046468437649309635,0.014181171543896198,0.00890025869011879,0.005931488703936338
0.0002510946069378406,0.0002860431559383869,0.0014828579733148217,0.00023325445363298059,0.0003003899473696947,0.002439874457195401,0.0067423018626868725,0.011811774224042892,0.008101853542029858,0.004597253631800413
0.0002511332568246871,0.0002780676004476845,0.0015776206273585558,0.00024617696180939674,0.0004447786486707628,0.0022528525441884995,0.005746491719037294,0.008046873845160007,0.006154931616038084,0.005244566593319178
0.0002755695313680917,0.0002701203338801861,0.0008677378064021468,0.00027262012008577585,0.00031603046227246523,0.0017618006095290184,0.004745209589600563,0.006611000280827284,0.004702636040747166,0.004729261621832848
0.000274491059826687,0.0002623569453135133,0.0007154112681746483,0.0002666898362804204,0.0003190502757206559,0.0016249085310846567,0.004256662912666798,0.005676254164427519,0.004053047392517328,0.008291483856737614
0.0002588838106021285,0.00025445083156228065,0.0004705858591478318,0.00024015067901927978,0.0006893806857988238,0.0016974288737401366,0.002916631754487753,0.0042017120867967606,0.0047994740307331085,0.006761000957340002
0.0002509737969376147,0.0002539956767577678,0.0004144452977925539,0.0002222222537966445,0.0005180478328838944,0.0018055401742458344,0.004789973143488169,0.0031603071838617325,0.006466178223490715,0.006717549171298742
0.0002694249851629138,0.0002558482519816607,0.0006612882716581225,0.00020799752383027226,0.00037695845821872354,0.0015685338294133544,0.00394322257488966,0.0029931722674518824,0.006350409705191851,0.005570046603679657
0.00026976779918186367,0.0002599408617243171,0.001091838930733502,0.00019818001601379365,0.000338448619004339,0.0015055956318974495,0.0034219766966998577,0.002848507836461067,0.006154097616672516,0.004354284610599279
0.0002774026070255786,0.0002734908484853804,0.0008036991930566728,0.0001956951746251434,0.0003963677736464888,0.001561736804433167,0.0034571834839880466,0.0034364284947514534,0.006885392591357231,0.004662069957703352
0.0002996461116708815,0.000286062277154997,0.0005342004005797207,0.0002573459642007947,0.000773492909502238,0.0021158121526241302,0.0030724573880434036,0.008086846210062504,0.005650311708450317,0.02096491865813732
0.0002938613179139793,0.00029763684142380953,0.0006124351057223976,0.00039213476702570915,0.0008380701183341444,0.0019476802553981543,0.002654832787811756,0.010086813010275364,0.005359899252653122,0.01175612211227417
0.00032289233058691025,0.0003146768140140921,0.0005419978988356888,0.00026674766559153795,0.0010768729262053967,0.0018127457005903125,0.0032116833608597517,0.019164718687534332,0.0032331827096641064,0.007391147315502167
0.0003098846646025777,0.0003391452191863209,0.00041516227065585554,0.00022869293752592057,0.0008009390439838171,0.0024751867167651653,0.003592160763218999,0.011409670114517212,0.0055455053225159645,0.0070648193359375
0.0002797242486849427,0.0003621760697569698,0.0003673423489090055,0.00025161096709780395,0.0005290423287078738,0.0019344405736774206,0.003514950629323721,0.012075718492269516,0.005233278032392263,0.00883941724896431
0.00029228144558146596,0.0003865460166707635,0.00041588442400097847,0.000251533929258585,0.00034738960675895214,0.0020446432754397392,0.00439171027392149,0.009793158620595932,0.009327530860900879,0.012120128609240055
0.0002742251381278038,0.000544327893294394,0.00037053076084703207,0.00023576895182486624,0.0002643433981575072,0.0021594702266156673,0.004921657498925924,0.007448258344084024,0.005099765490740538,0.010350457392632961
0.0002858406223822385,0.0007896271417848766,0.00043341313721612096,0.0005032744957134128,0.0005553534720093012,0.0018426707247272134,0.00455811433494091,0.0053229425102472305,0.005365161690860987,0.008165263570845127
0.000270940043265,0.0006466190097853541,0.0005339446943253279,0.000872627948410809,0.0026071490719914436,0.0019213289488106966,0.005313574336469173,0.005635802634060383,0.004710266832262278,0.006358607672154903
0.0002741588104981929,0.0004980412777513266,0.0005537949036806822,0.0004514708125498146,0.0019516006577759981,0.002144439611583948,0.004719163756817579,0.004385676700621843,0.0050060260109603405,0.0064483643509447575
0.0002928188187070191,0.00040575466118752956,0.0004398289602249861,0.0003533393610268831,0.0023810695856809616,0.00227988138794899,0.004876017104834318,0.004132123664021492,0.004124518483877182,0.009257519617676735
0.00030663644429296255,0.00035064498661085963,0.0003279162338003516,0.00036532225203700364,0.0012046413030475378,0.002343095140531659,0.004379059188067913,0.0038063479587435722,0.00371357798576355,0.004902643617242575
0.00038511311868205667,0.00036469841143116355,0.00026917154900729656,0.0003615083696786314,0.0009457473643124104,0.0019492130959406495,0.004366354551166296,0.004372901748865843,0.004585498943924904,0.005161636043339968
0.00027623289497569203,0.00031341754947789013,0.00036885018926113844,0.0005386422271840274,0.000560486689209938,0.0020129336044192314,0.004835230298340321,0.005793915595859289,0.005849669221788645,0.012145593762397766
0.0003421636938583106,0.0002624533080961555,0.00032671194639988244,0.0004525615368038416,0.0005147176561877131,0.0018347107106819749,0.004854083992540836,0.013059082441031933,0.006851979065686464,0.011534217745065689
0.00042314562597312033,0.0003007189661730081,0.00035439321072772145,0.0004922956577502191,0.0008879416855052114,0.0018530620727688074,0.004211278632283211,0.01107537280768156,0.007139792665839195,0.009890573099255562
0.0003341312403790653,0.00033298629568889737,0.00036622805055230856,0.0003405790776014328,0.002589242532849312,0.0019627127330750227,0.0033390233293175697,0.008407593704760075,0.008735946379601955,0.008613531477749348
0.00036415833164937794,0.0003359472320880741,0.00033847399754449725,0.0003529935493133962,0.0026722007896751165,0.0019871031399816275,0.0027328934520483017,0.008568395860493183,0.008263122290372849,0.006109011825174093
0.0003197860496584326,0.0002888537128455937,0.00026533546042628586,0.0003724316484294832,0.0018983704503625631,0.0016380071174353361,0.0027438641991466284,0.008990691974759102,0.006333316210657358,0.0062481919303536415
0.0003037179121747613,0.00023547194723505527,0.00021238088083919138,0.0008843985851854086,0.0014477551449090242,0.0018237731419503689,0.002733662724494934,0.011363985016942024,0.00839261431246996,0.0047694179229438305
0.0002988433698192239,0.00022418193111661822,0.0001983352267416194,0.0008681434555910528,0.0030496211256831884,0.0020428148563951254,0.003179004183039069,0.012739669531583786,0.006893129087984562,0.004934511613100767
0.0003871180524583906,0.00023050233721733093,0.00020421356020960957,0.0007683431613259017,0.0020105401054024696,0.0022216271609067917,0.004111538175493479,0.005728901829570532,0.00436801090836525,0.005039690528064966
0.0003149269032292068,0.00024998499429784715,0.0002353399177081883,0.0008720139740034938,0.0012789341853931546,0.00223095016553998,0.005217679776251316,0.004987331107258797,0.004141856450587511,0.004641287494450808
0.0003246283158659935,0.00026255828561261296,0.0002774859603960067,0.0006408308981917799,0.0009182256762869656,0.0024615759029984474,0.0055265892297029495,0.003823894774541259,0.0071035209111869335,0.004367741756141186
0.0002853920159395784,0.00030908756889402866,0.0004026691894978285,0.0005519302212633193,0.0005627335049211979,0.002248298143967986,0.006979858968406916,0.0036231374833732843,0.005974955856800079,0.00629752641543746
0.000661368714645505,0.0002998232957907021,0.0004953088937327266,0.000426449638325721,0.00029486240237019956,0.0020409277640283108,0.00502356979995966,0.0038610282354056835,0.005814684554934502,0.008693650364875793
0.0002872090262826532,0.0003073887201026082,0.0007029555272310972,0.000464295269921422,0.00027276607579551637,0.00190120714250952,0.0045201522298157215,0.004155780654400587,0.003844425082206726,0.008186395280063152
0.00025308693875558674,0.00030886748572811484,0.0007264474406838417,0.0004510038415901363,0.000276654347544536,0.0018991053802892566,0.004412881564348936,0.0056070126593112946,0.0046812077052891254,0.005401858128607273
0.000266929913777858,0.0003078193694818765,0.0005280521581880748,0.0007727292831987143,0.0004403991042636335,0.002043331740424037,0.005253388546407223,0.01006680354475975,0.004991103895008564,0.0032166345044970512
0.0003094215353485197,0.00028765189927071333,0.00045170134399086237,0.0009082084870897233,0.0024009000044316053,0.0018138415180146694,0.004838740453124046,0.009217264130711555,0.0073288436979055405,0.0062186624854803085
0.0002758940390776843,0.00027175628929398954,0.0006775486981496215,0.0005688077653758228,0.002018097322434187,0.0019840404856950045,0.003861007746309042,0.006989486049860716,0.006722717545926571,0.008998899720609188
0.0003388483892194927,0.0002782746742013842,0.0010339373257011175,0.0005511869676411152,0.000904690008610487,0.0022423486225306988,0.0034458283334970474,0.008669025264680386,0.010057049803435802,0.007286359090358019
0.0002949223853647709,0.0002985475002788007,0.0005184821784496307,0.0006072318647056818,0.0007687121978960931,0.0021333734039217234,0.004251275677233934,0.009232035838067532,0.010995963588356972,0.008123615756630898
0.0002604798646643758,0.0003228678251616657,0.00032898623612709343,0.0005036488873884082,0.0006145712104626,0.002000002656131983,0.004900818690657616,0.01171236950904131,0.00971207208931446,0.005189485382288694
0.00029381492640823126,0.0003308662853669375,0.0002497663954272866,0.00035770778777077794,0.000558934174478054,0.00225143157877028,0.0050504072569310665,0.00964600220322609,0.006469788961112499,0.005379526875913143
0.00032563015702180564,0.0002961565332952887,0.00021633521828334779,0.00030246301321312785,0.0008233354310505092,0.0021948725916445255,0.0050846878439188,0.00779809569939971,0.006987838074564934,0.0044168224558234215
0.0002967993204947561,0.0002887228038161993,0.00019899866310879588,0.00033874373184517026,0.00058013602392748,0.0017108463216573,0.004480853211134672,0.006625248584896326,0.007688016630709171,0.004695339594036341
0.00029480227385647595,0.00029623490991070867,0.00019778494606725872,0.0003163915826007724,0.0005578886484727263,0.001998644322156906,0.006379782687872648,0.006697552278637886,0.006197186652570963,0.005762199871242046
0.00027509118081070483,0.0003028695355169475,0.0002076515374938026,0.0005492070922628045,0.0004494994645938277,0.00227441661991179,0.005382569506764412,0.005588367581367493,0.009844129905104637,0.005575519986450672
0.0002525284653529525,0.00031002596369944513,0.00021075695985928178,0.000366615888196975,0.0011667635990306735,0.0017895210767164826,0.004235181957483292,0.00905727781355381,0.00724682305008173,0.009978268295526505
0.0002603888278827071,0.00034930300898849964,0.00020406607654877007,0.0008680773316882551,0.001702175592072308,0.0028933100402355194,0.0034838488791137934,0.012288770638406277,0.010258698835968971,0.006798975169658661
0.00026810821145772934,0.0003722533583641052,0.00020412777666933835,0.000953291542828083,0.001777474768459797,0.0034946587402373552,0.002997245639562607,0.012316330336034298,0.008823905140161514,0.005948143545538187
0.00024131836835294962,0.0003748347517102957,0.00021576933795586228,0.0011549032060429454,0.001688988646492362,0.0040700193494558334,0.0034976766910403967,0.012105723842978477,0.010384474880993366,0.007057467475533485
0.00023379734193440527,0.000436873990111053,0.0002120106655638665,0.0011824379907920957,0.0008877900545485318,0.003232455113902688,0.004668152891099453,0.01421249471604824,0.009745570831000805,0.004852866753935814
0.00023466562561225146,0.0005207420326769352,0.0002249093377031386,0.0008551940554752946,0.0005237681907601655,0.003114820923656225,0.003968792501837015,0.010405789129436016,0.007140801753848791,0.007616566494107246
0.00023004368995316327,0.0005499748513102531,0.0002536668907850981,0.000674604787491262,0.0004759004805237055,0.002488877158612013,0.004012933000922203,0.007913118228316307,0.006095729768276215,0.004940229468047619
0.00023132108617573977,0.0004774922563228756,0.0002977005788125098,0.0005483392742462456,0.0004255854873917997,0.0019745295867323875,0.0043802023865282536,0.008965554647147655,0.006077460944652557,0.006663189269602299
0.0002504750736989081,0.000425875186920166,0.0005843177787028253,0.0004653999349102378,0.00031251535983756185,0.002037030877545476,0.004950761795043945,0.008083369582891464,0.0064847287721931934,0.005679893307387829
0.00023454256006516516,0.00038905965629965067,0.0005947519093751907,0.0003738469094969332,0.0002531200589146465,0.002226285869255662,0.004482002463191748,0.007942838594317436,0.006807237397879362,0.006960079073905945
0.0002355801552766934,0.00034167448757216334,0.0004455981543287635,0.0003159318584948778,0.00024459711858071387,0.0021709962747991085,0.003535920986905694,0.005753023084253073,0.010536554269492626,0.008838740177452564
0.00025094152078963816,0.0003127579693682492,0.0006289203302003443,0.00036369141889736056,0.00043226464185863733,0.0021954032126814127,0.0029447630513459444,0.005149591714143753,0.008405559696257114,0.005571745336055756
0.00034362252335995436,0.0003004572936333716,0.001032110652886331,0.0007221351843327284,0.0005165269831195474,0.002644097898155451,0.005155238788574934,0.0058312127366662025,0.00972319021821022,0.005374608561396599
0.0005659621092490852,0.0002851230092346668,0.0007134212064556777,0.0005269984249025583,0.00039685447700321674,0.0025061490014195442,0.004565801005810499,0.006888816598802805,0.006322922650724649,0.004458218347281218
0.001223024446517229,0.00026679900474846363,0.0006080334424041212,0.00031192670576274395,0.00031074360595084727,0.0022247740998864174,0.0041995481587946415,0.01030823215842247,0.010556655004620552,0.00701040169224143
0.0006020145956426859,0.0002618078433442861,0.0006796439411118627,0.000253205478657037,0.00022541052021551877,0.002181002404540777,0.005819105077534914,0.011213310062885284,0.010515565983951092,0.011130882427096367
0.0005206901696510613,0.00027258507907390594,0.000565257272683084,0.00047274178359657526,0.00020501541439443827,0.0020143529400229454,0.004286456853151321,0.01062866859138012,0.007214128505438566,0.0077673448249697685
0.0004524081596173346,0.0002802677627187222,0.00048590294318273664,0.00041020859498530626,0.00021174908033572137,0.0020881842356175184,0.0037974354345351458,0.012989913113415241,0.011342141777276993,0.009367343969643116
0.000429580919444561,0.0002983662998303771,0.0006662978557869792,0.0006348304450511932,0.00023574732767883688,0.002692447043955326,0.0033877112437039614,0.011136730201542377,0.00936825666576624,0.005631272215396166
0.0003606967511586845,0.0002747006365098059,0.0006220351788215339,0.0005076492670923471,0.00024239483173005283,0.002719760639593005,0.003806246677413583,0.009021680802106857,0.008796987123787403,0.00577220693230629
0.0004236690583638847,0.00026443670503795147,0.0005320595228113234,0.00035558786476030946,0.00022716929379384965,0.0024982686154544353,0.0031274096108973026,0.008997390978038311,0.009105590172111988,0.009336813353002071
0.000365401734597981,0.00026381417410448194,0.0004234296502545476,0.0005210774252191186,0.00022849978995509446,0.002773930784314871,0.003024086821824312,0.008071058429777622,0.006776372902095318,0.008495437912642956
0.0004593480844050646,0.000331790535710752,0.00033179804449900985,0.0002925795561168343,0.00023069282178767025,0.002329109935089946,0.0032445520628243685,0.006434958893805742,0.008543499745428562,0.007996208034455776
0.0003708337608259171,0.00037224957486614585,0.0002750027342699468,0.0006927353097125888,0.00020532099006231874,0.0018793755443766713,0.0033357152715325356,0.007131497375667095,0.01092291995882988,0.0054373424500226974
0.0006428891210816801,0.0006189636187627912,0.00024599116295576096,0.0005864956183359027,0.00021125489729456604,0.0018922591116279364,0.004740511067211628,0.005028862040489912,0.007583821192383766,0.005473327822983265
0.0003708838194143027,0.0009878927376121283,0.00027461317949928343,0.0005457411170937121,0.0002537434338591993,0.0021796312648802996,0.005611048545688391,0.006628310773521662,0.0066108666360378265,0.007758086081594229
0.0007474028971046209,0.0007195272482931614,0.00033681606873869896,0.00031867087818682194,0.0005029414314776659,0.002469440223649144,0.0066320812329649925,0.005793941672891378,0.004461860284209251,0.004842070862650871
0.0007140813395380974,0.0006635948084294796,0.000250351702561602,0.0004764226614497602,0.0005182110471650958,0.002268947660923004,0.006108526140451431,0.004798293579369783,0.004535285755991936,0.007750839926302433
0.0007350941887125373,0.0005097631365060806,0.00026004426763392985,0.0007633136119693518,0.000579069834202528,0.0021487358026206493,0.007039990276098251,0.007509259507060051,0.0070312307216227055,0.005185108631849289
0.0008380309445783496,0.00033560613519512117,0.0002430099411867559,0.0008693113340996206,0.0009905759943649173,0.0024314518086612225,0.00631650909781456,0.012183807790279388,0.01058908086270094,0.006877795327454805
0.0006878898129798472,0.00021698910859413445,0.0002905090805143118,0.0012109926901757717,0.000684901955537498,0.0030427309684455395,0.005616628099232912,0.012124276719987392,0.011500280350446701,0.013884114101529121
0.0005384493269957602,0.0002049239701591432,0.0006428664200939238,0.0012708990834653378,0.0003716426435858011,0.0031105107627809048,0.0057831937447190285,0.012174288742244244,0.011549841612577438,0.011175593361258507
0.0004945325199514627,0.0002058998798020184,0.0008624018519185483,0.0009490422671660781,0.001463626860640943,0.0023665691260248423,0.005770042538642883,0.01075970008969307,0.012428120709955692,0.012248827144503593
0.0004955027834512293,0.0002084161387756467,0.0009452970698475838,0.0012978638987988234,0.004220184870064259,0.0033206352964043617,0.005623015109449625,0.009053526446223259,0.011453098617494106,0.01045080367475748
0.0006065655616112053,0.00020994360966142267,0.0007976301712915301,0.0009364907164126635,0.0023428136482834816,0.0029510739259421825,0.004815155174583197,0.0073472545482218266,0.00928671658039093,0.013425654731690884
0.0003260709345340729,0.00021376830409280956,0.0009542279876768589,0.0008886518189683557,0.0014909220626577735,0.0026923618279397488,0.004933215212076902,0.006804304663091898,0.0112002557143569,0.011839514598250389
0.0003859223215840757,0.0002222292823716998,0.0014055197825655341,0.0006758124800398946,0.0007324025500565767,0.0024532002862542868,0.004646867047995329,0.008255526423454285,0.008858706802129745,0.008050099946558475
0.0003266264102421701,0.00023101738770492375,0.0008322664070874453,0.0005162695306353271,0.0009732844773679972,0.002566089853644371,0.005292194429785013,0.006866410840302706,0.00883570034056902,0.0060838195495307446
0.0003083096817135811,0.00024059094721451402,0.000585198518820107,0.0011101881973445415,0.0012740765232592821,0.0030932766385376453,0.005675577558577061,0.006013516336679459,0.010553384199738503,0.005880209617316723
0.0002743178920354694,0.0002675300638657063,0.0004889726405963302,0.0008571445941925049,0.0007070559076964855,0.00266958842985332,0.005795573815703392,0.006680804304778576,0.008202443830668926,0.005503048654645681
0.0002605585032142699,0.0003085628559347242,0.0003920840099453926,0.00048585195327177644,0.0004640649422071874,0.0024692423176020384,0.004324146546423435,0.006328096147626638,0.007422458380460739,0.007444130256772041
0.00030743645038455725,0.0003161335189361125,0.00030612232512794435,0.0002597025013528764,0.00043694477062672377,0.002751591382548213,0.0046987575478851795,0.009402874857187271,0.006065887399017811,0.007838716730475426
0.0002925897715613246,0.00029894657200202346,0.0002898329694289714,0.00021084553736727685,0.0008213181281462312,0.002530700294300914,0.006568690296262503,0.01292954571545124,0.00982374045997858,0.007357598282396793
0.0002468263846822083,0.0002903504064306617,0.0002333139127586037,0.00020836728799622506,0.0016906034434214234,0.0022189784795045853,0.00754118524491787,0.012067572213709354,0.008409038186073303,0.008557237684726715
0.000239293891354464,0.000303982465993613,0.0004297301056794822,0.0002141489676432684,0.0022063760552555323,0.0028175818733870983,0.007412230595946312,0.012422106228768826,0.008611241355538368,0.007769879885017872
0.0002461479161866009,0.0004305001348257065,0.000593830831348896,0.0002487985766492784,0.001341803465038538,0.00367323262616992,0.006151862908154726,0.009749163873493671,0.010634027421474457,0.012264344841241837
0.0002629425725899637,0.0005704400246031582,0.0005727774114347994,0.0005941076087765396,0.0007976900087669492,0.003466021968051791,0.0048635369166731834,0.00888591818511486,0.009591318666934967,0.01147387083619833
0.00036651972914114594,0.00047651538625359535,0.0006606283714063466,0.0007955136825330555,0.0006233617314137518,0.0034325229935348034,0.004583283793181181,0.00995258055627346,0.008489604108035564,0.009312820620834827
0.0003358983958605677,0.00045598906581290066,0.0007685887394472957,0.0026024747639894485,0.0005473562050610781,0.002538918051868677,0.004129976965487003,0.008068949915468693,0.007996777072548866,0.01015880610793829
0.00032679623109288514,0.0003814362280536443,0.0013085338287055492,0.0012992039555683732,0.0006529937963932753,0.0023957001976668835,0.003884939942508936,0.00626370869576931,0.00855642557144165,0.010434461757540703
0.000329105241689831,0.00032917840871959925,0.001077468623407185,0.0009306715219281614,0.001285330392420292,0.0030300510115921497,0.0041020833887159824,0.006136826239526272,0.006421694997698069,0.009359828196465969
0.0003378695109859109,0.000316274119541049,0.000778964429628104,0.0014833559980615973,0.0007571461610496044,0.003416926832869649,0.00429508974775672,0.009506181813776493,0.0050188880413770676,0.00879327766597271
0.00032602809369564056,0.0003088257508352399,0.0006244669202715158,0.0007565545383840799,0.00046419716090895236,0.0031319332774728537,0.004743617493659258,0.006411002017557621,0.005464835092425346,0.006281004287302494
0.00038520951056852937,0.0003150686388835311,0.0004636017547454685,0.00047031394205987453,0.0003410944191273302,0.0034084198996424675,0.0037421139422804117,0.005427786149084568,0.005258773919194937,0.005318550392985344
0.0015509333461523056,0.00029844813980162144,0.0003680780064314604,0.00033931416692212224,0.00029015849577263,0.003237740835174918,0.003439849242568016,0.004711775574833155,0.010882165282964706,0.004816304426640272
0.0009319235105067492,0.0002661550242919475,0.00030995631823316216,0.0004908546106889844,0.00025642404216341674,0.0030001832637935877,0.003324910532683134,0.0059983991086483,0.009161800146102905,0.0036353720352053642
0.0007072440348565578,0.0002433903719065711,0.0002531608333811164,0.0008239276940003037,0.00024299335200339556,0.0025091187562793493,0.004458827897906303,0.008555691689252853,0.010891353711485863,0.009417938068509102
0.0007147568976506591,0.00022973537852521986,0.0002572476805653423,0.0006840949063189328,0.00024134531849995255,0.0021125131752341986,0.0033686512615531683,0.011788817122578621,0.010378388687968254,0.015528525225818157
0.0005994089879095554,0.0002489728503860533,0.00043233964242972434,0.00048671418335288763,0.00023575614613946527,0.0019881920889019966,0.003974065650254488,0.012140442617237568,0.00652895076200366,0.009117228910326958
0.0005972669459879398,0.00026582408463582397,0.00029196630930528045,0.0003604053636081517,0.0007709665806032717,0.0021671783179044724,0.0069805169478058815,0.008879146538674831,0.008663604967296124,0.011867383494973183
0.0005285129882395267,0.00027059169951826334,0.00025920086773112416,0.00031088036485016346,0.001653935993090272,0.002129458822309971,0.006601305678486824,0.008549341931939125,0.008271707221865654,0.008554207161068916
0.0004901644424535334,0.0003099538735114038,0.0002482371055521071,0.00028533715521916747,0.0016275146044790745,0.002142165554687381,0.0057722278870642185,0.008404283784329891,0.009882955811917782,0.010639103129506111
0.0004736652481369674,0.00031536450842395425,0.00023493889602832496,0.00024744460824877024,0.0012389926705509424,0.002444319427013397,0.004761176649481058,0.00649713771417737,0.008790009655058384,0.010595429688692093
0.00038078599027357996,0.00033738993806764483,0.00034840573789551854,0.0002523712464608252,0.0007260353304445744,0.0022813845425844193,0.004850455559790134,0.006302539259195328,0.011003638617694378,0.00746550178155303
0.0003624646342359483,0.0003931628889404237,0.00035170145565643907,0.000724057899788022,0.0007209955947473645,0.002149106003344059,0.005424330476671457,0.00954579096287489,0.010398726910352707,0.004887623246759176
0.000410011998610571,0.0003388326149433851,0.0006234635948203504,0.0005578516284003854,0.0006309711025096476,0.0022454322315752506,0.004827867262065411,0.007327679079025984,0.006997706368565559,0.0055991667322814465
0.00036059500416740775,0.0003053403052035719,0.00046643996029160917,0.0007362612523138523,0.0003334956127218902,0.0025100919883698225,0.00489222165197134,0.007353392895311117,0.009494541212916374,0.005110747646540403
0.0003346598823554814,0.0003286467108409852,0.0005814896430820227,0.00039817241486161947,0.0002483190328348428,0.0026091746985912323,0.0039411745965480804,0.0044501605443656445,0.011616299860179424,0.007128385826945305
0.00038732998655177653,0.0003369691548869014,0.0007054336019791663,0.0004149288288317621,0.00025733589427545667,0.003259045071899891,0.003337984438985586,0.004888619761914015,0.008719020523130894,0.008891137316823006
0.0005506788147613406,0.0003410251229070127,0.0008952433126978576,0.0005982170696370304,0.0003000680007971823,0.003580335294827819,0.0029148259200155735,0.003809029934927821,0.009111160412430763,0.005177169572561979
0.00036351423477753997,0.00034453082480467856,0.0006962626939639449,0.0004689246416091919,0.0004289523931220174,0.003036556066945195,0.0031016215216368437,0.005332349333912134,0.006753400433808565,0.008273572660982609
0.0005130252102389932,0.000428360013756901,0.0006410441710613668,0.0004108695429749787,0.0005774251185357571,0.002533204620704055,0.004150926135480404,0.008380976505577564,0.006363386288285255,0.011482184752821922
0.0005680688773281872,0.0005465382128022611,0.0004772610845975578,0.0003772867494262755,0.00041202991269528866,0.002640297869220376,0.0032763448543846607,0.00957909133285284,0.0054189106449484825,0.009114814922213554
0.000490186270326376,0.0004341317107900977,0.0004795523709617555,0.00036025550798512995,0.0002883654087781906,0.0022831184323877096,0.007355353329330683,0.009329674765467644,0.005530876573175192,0.006995499599725008
0.0003950726240873337,0.0005318947369232774,0.0005482668639160693,0.00043552741408348083,0.0002869004965759814,0.002100014593452215,0.006939751096069813,0.008663768880069256,0.007001870311796665,0.010865122079849243
0.00034990260610356927,0.0005844199331477284,0.0005425859708338976,0.00032196601387113333,0.0004837749002035707,0.002546177478507161,0.005044516175985336,0.00902651622891426,0.010222317650914192,0.014900941401720047
0.00031349039636552334,0.00049962307093665,0.00043686956632882357,0.00022810188238509,0.0002783621894195676,0.0032116014044731855,0.004702826961874962,0.007313747424632311,0.010776539333164692,0.01256700698286295
0.00028735288651660085,0.0004750281514134258,0.0004880004853475839,0.00035801646299660206,0.00042968691559508443,0.0034987987019121647,0.005371570587158203,0.005806656088680029,0.011212236247956753,0.008184143342077732
0.0002826977870427072,0.0005152926314622164,0.0005187524948269129,0.0002859773230738938,0.0008075705263763666,0.0033214795403182507,0.004744506441056728,0.006925701163709164,0.008330806158483028,0.006893870886415243
0.00037976563908159733,0.0004848965036217123,0.0005278614116832614,0.0002522631548345089,0.0005860335077159107,0.003374392632395029,0.004324147943407297,0.006413695868104696,0.005917191505432129,0.00777438934892416
0.0003210072172805667,0.0004026659589726478,0.000681260135024786,0.00026384039665572345,0.0003232455928809941,0.0028638276271522045,0.005716262385249138,0.008447377942502499,0.0067609758116304874,0.008604621514678001
0.0003840370336547494,0.0003578926553018391,0.0006816759123466909,0.0002695622097235173,0.00024354644119739532,0.002602840308099985,0.005393806844949722,0.0064592487178742886,0.012971309013664722,0.0056435163132846355
0.0005044382996857166,0.0003527397057041526,0.0005180730950087309,0.00025745161110535264,0.00023142444842960685,0.0032529588788747787,0.005240728612989187,0.007600766606628895,0.010158308781683445,0.006298441905528307
0.00037011574022471905,0.00032911423477344215,0.00042439610115252435,0.0002671123365871608,0.00031828368082642555,0.002578630344942212,0.006228274200111628,0.007560528814792633,0.00815364345908165,0.008678928948938847
0.0003869784122798592,0.0002960803103633225,0.0004356389690656215,0.000292041280772537,0.00110154680442065,0.0023911097086966038,0.006156680639833212,0.007999024353921413,0.008674846962094307,0.006801570300012827
0.00041588128078728914,0.00030319197685457766,0.0006571975536644459,0.000304195360513404,0.0010979294311255217,0.002561924047768116,0.006245006807148457,0.006116826552897692,0.008470073342323303,0.00660954462364316
0.0003392401267774403,0.0003614229499362409,0.0005461968248710036,0.00047178781824186444,0.0010060727363452315,0.0022884018253535032,0.005817026365548372,0.008913390338420868,0.007176804356276989,0.007266422733664513
0.0003945723292417824,0.0003450568183325231,0.0005533250514417887,0.00031561899231746793,0.000699967669788748,0.002013028832152486,0.004893972538411617,0.0091217877343297,0.006310293450951576,0.007662809919565916
0.0004430200206115842,0.0003357746754772961,0.0006811183411628008,0.0005800952203571796,0.0005226269131526351,0.0023953395429998636,0.005759475752711296,0.007286568637937307,0.0074601974338293076,0.012456477619707584
0.000283153000054881,0.0003978649037890136,0.0005849130102433264,0.000529289070982486,0.0015785249415785074,0.0019075642339885235,0.005156815517693758,0.00584378931671381,0.01008966937661171,0.007920430973172188
0.00029245647601783276,0.0004477640613913536,0.0009508372168056667,0.00035100802779197693,0.0010616775834932923,0.0028108267579227686,0.0049534454010427,0.005817672237753868,0.010610614903271198,0.006237898487597704
0.00030567808425985277,0.0004196923691779375,0.0010249450569972396,0.001561469747684896,0.0008740211487747729,0.0029012789018452168,0.006337616592645645,0.0075933728367090225,0.01033660676330328,0.00879023876041174
0.0003146339731756598,0.00040411576628685,0.001490101683884859,0.0029467514250427485,0.0006578993634320796,0.002809334546327591,0.004915961530059576,0.007444559596478939,0.007335849571973085,0.009758206084370613
0.0002906523586716503,0.00041418179171159863,0.0008751219138503075,0.0023205133620649576,0.0006870899815112352,0.003083004616200924,0.005059228744357824,0.006909530144184828,0.006355680525302887,0.009685424156486988
0.0002812352904584259,0.00035863841185346246,0.00037762284046038985,0.0025632972829043865,0.0006886057672090828,0.0032066237181425095,0.0049170940183103085,0.0073941051959991455,0.005808776710182428,0.00678279297426343
0.00034478947054594755,0.00034321105340495706,0.00028812605887651443,0.002099323784932494,0.00043857278069481254,0.0025647548027336597,0.003711102996021509,0.007572290953248739,0.0073805260471999645,0.008255074732005596
0.00032477997592650354,0.0003429914067965001,0.00031924142967909575,0.0017025333363562822,0.0014595889952033758,0.002538474276661873,0.0034709391184151173,0.006464558653533459,0.01026918739080429,0.011943059042096138
0.0003234376199543476,0.0003304985584691167,0.00037886505015194416,0.0029381816275417805,0.0011000139638781548,0.0022846064530313015,0.003503022249788046,0.006572741083800793,0.010102614760398865,0.008945672772824764
0.00028226611902937293,0.00031207234133034945,0.00039363958057947457,0.0031069922260940075,0.0007190288743004203,0.002381406258791685,0.005347558297216892,0.007461925502866507,0.00713361194357276,0.006118489429354668
0.00027478873380459845,0.00030827446607872844,0.0007035342860035598,0.001652674051001668,0.0003377767279744148,0.003734521334990859,0.004818572197109461,0.008912838995456696,0.006489144638180733,0.00812438316643238
0.0002848457370419055,0.00034611241426318884,0.0004183876735623926,0.0008534399676136672,0.00028253253549337387,0.0033181721810251474,0.004639965482056141,0.00859194528311491,0.008102873340249062,0.011400135233998299
0.00029430363792926073,0.0005159990978427231,0.0003155276062898338,0.0012613461585715413,0.00044771068496629596,0.002585433190688491,0.004623634275048971,0.00805401336401701,0.009253748692572117,0.01200732123106718
0.0003164695226587355,0.0006328276940621436,0.0002759119379334152,0.001050138147547841,0.0014086940791457891,0.002126236679032445,0.003778081387281418,0.009206291288137436,0.007908782921731472,0.009072321467101574
0.0002861684188246727,0.000690322951413691,0.0002790548896882683,0.001365065691061318,0.0019267640309408307,0.0022074044682085514,0.003342671785503626,0.012099462561309338,0.009961969219148159,0.006407131906598806
0.00022686974261887372,0.0006670629954896867,0.0004270309582352638,0.001189808826893568,0.000754253997001797,0.0019285876769572496,0.005726347677409649,0.009766053408384323,0.01014524046331644,0.007245801854878664
0.0002864479611162096,0.0005914719076827168,0.0005843367544002831,0.0007838467718102038,0.0005882874829694629,0.0020728723611682653,0.005136397667229176,0.006791610736399889,0.00717186788097024,0.005037591326981783
0.0002845308044925332,0.0005232008406892419,0.0007725440664216876,0.0006978710880503058,0.0006586947711184621,0.00207859231159091,0.004620236344635487,0.006864544935524464,0.00730363093316555,0.005167949479073286
0.0005685379728674889,0.00046277372166514397,0.00078414665767923,0.0005416830535978079,0.0011144718155264854,0.0022373644169420004,0.004342582076787949,0.0070794811472296715,0.006706210318952799,0.005417248234152794
0.0007340545998886228,0.0004260627902112901,0.0006291588069871068,0.0004306809860281646,0.0007302476442418993,0.0018660335335880518,0.005267920903861523,0.007231416646391153,0.010512802749872208,0.010244966484606266
0.0003925722267013043,0.00038959330413490534,0.0005424029659479856,0.00041598372627049685,0.0005279633915051818,0.002815553452819586,0.004556887783110142,0.006783870980143547,0.01236733514815569,0.010237541049718857
0.0003672441525850445,0.00036982400342822075,0.0004161152755841613,0.00044974341290071607,0.0003878659917972982,0.002232674742117524,0.0032555144280195236,0.0057821194641292095,0.011689948849380016,0.009794776327908039
0.00029558813548646867,0.00036413344787433743,0.00034500996116548777,0.0003823690058197826,0.00032987608574330807,0.002365334890782833,0.0038795326836407185,0.004890169482678175,0.010760162957012653,0.008934266865253448
0.00035729975206777453,0.00036998139694333076,0.00037391670048236847,0.00040674128104001284,0.0002665139327291399,0.0022745742462575436,0.0031348085030913353,0.005582662299275398,0.007748950272798538,0.010967094451189041
0.0004359283484518528,0.00037713657366111875,0.0003563555656000972,0.000628592970315367,0.000656621006783098,0.0020057931542396545,0.003300807671621442,0.004209564998745918,0.008029540069401264,0.011061126366257668
0.0006371604977175593,0.0003887625061906874,0.000378634431399405,0.0004170441534370184,0.000394657370634377,0.002016781596466899,0.00430204626172781,0.010534634813666344,0.007679179310798645,0.010012857615947723
0.0005003747064620256,0.000419022049754858,0.00036305992398411036,0.000360653008101508,0.00043358744005672634,0.00278014549985528,0.005044456105679274,0.011159024201333523,0.006034850608557463,0.008670010603964329
0.0004326063208281994,0.00042365098488517106,0.0004082897794432938,0.0005126682226546109,0.00038141250843182206,0.0026685467455536127,0.00446810619905591,0.008919687010347843,0.004966694861650467,0.007818362675607204
0.0003651442239060998,0.00038115063216537237,0.0003930233942810446,0.0006478828727267683,0.0003852741210721433,0.0022820825688540936,0.004533756989985704,0.010079002007842064,0.008093741722404957,0.010788391344249249
0.00032652326626703143,0.00031603279057890177,0.00033131783129647374,0.0004851558187510818,0.0002938695251941681,0.0018345286371186376,0.003678617998957634,0.007798712234944105,0.010647987015545368,0.009148252196609974
0.00037371800863184035,0.0003287321305833757,0.0007361953030340374,0.0003392206272110343,0.00032386317616328597,0.0019990645814687014,0.00418187165632844,0.006541619077324867,0.011353599838912487,0.007217152509838343
0.00032583586289547384,0.00036525496398098767,0.00043852435192093253,0.00028594848117791116,0.00033685695962049067,0.0021651245187968016,0.005353509448468685,0.007469405885785818,0.007698224391788244,0.007234571967273951
0.00028407652280293405,0.00038481829687952995,0.0003822219150606543,0.000322754931403324,0.00024286951520480216,0.0023043679539114237,0.005544711835682392,0.007086469791829586,0.012323537841439247,0.0076411813497543335
0.000309573020786047,0.0005031935288570821,0.0008549200720153749,0.0005353736341930926,0.00025736913084983826,0.0018312714528292418,0.004994187504053116,0.009058471769094467,0.008727594278752804,0.005130269099026918
0.0003485310007818043,0.0005628312355838716,0.001085065770894289,0.00040375738171860576,0.0002818791544996202,0.0018384511349722743,0.0044014425948262215,0.006699913647025824,0.007747026160359383,0.0045502376742661
0.0003203644882887602,0.0005550227360799909,0.000913034426048398,0.0002688950626179576,0.0003978048334829509,0.001823044498451054,0.004898713435977697,0.006090568378567696,0.009378285147249699,0.008832630701363087
0.0003267768770456314,0.0006028100033290684,0.0007398794987238944,0.00022730999626219273,0.0003188247501384467,0.0022357567213475704,0.00487319054082036,0.00790542270988226,0.008740945719182491,0.006889134645462036
0.00029372971039265394,0.0004464172525331378,0.0007177380030043423,0.00025320713757537305,0.00028037652373313904,0.002228326862677932,0.004961350467056036,0.006437940057367086,0.007087484933435917,0.006914002355188131
0.0003154688747599721,0.0003633722080849111,0.0007151958998292685,0.00044675148092210293,0.00023223816242534667,0.0023293201811611652,0.005302112083882093,0.007554202806204557,0.007253814954310656,0.00971224531531334
0.0002696826122701168,0.0003734672209247947,0.0005895604845136404,0.0005126919131726027,0.0002892420452553779,0.002362872939556837,0.005553406197577715,0.008318427950143814,0.00775170000270009,0.006441974081099033
0.0002500989940017462,0.0004367667715996504,0.00044579574023373425,0.0005254121497273445,0.0004980824305675924,0.0024141280446201563,0.00524674728512764,0.008316999301314354,0.004996549338102341,0.007987494580447674
0.00028926387312822044,0.00047877381439320743,0.0004177669470664114,0.00039570318767800927,0.00030742125818505883,0.0022062247153371572,0.004288640338927507,0.009939300827682018,0.005018547177314758,0.009869042783975601
0.0002649648522492498,0.000422388082370162,0.0005142739973962307,0.00043650000588968396,0.00019848241936415434,0.0029014674946665764,0.005303048063069582,0.009308865293860435,0.009834667667746544,0.008812781423330307
0.0002959491976071149,0.00043769890908151865,0.0007461525383405387,0.00040495427674613893,0.00021722135716117918,0.002838906366378069,0.005487062968313694,0.009212917648255825,0.010332359001040459,0.009594776667654514
0.0005487386952154338,0.00042939092963933945,0.000802750582806766,0.0003548469103407115,0.00022211279429029673,0.0025982235092669725,0.00503794988617301,0.009384743869304657,0.009084830060601234,0.006204741075634956
0.0003119989123661071,0.0004512584418989718,0.0007839738973416388,0.0003298809169791639,0.0002050233888439834,0.002226301236078143,0.004901495296508074,0.00865702610462904,0.00854044035077095,0.008496290072798729
0.00033625640207901597,0.00046090935938991606,0.0006219849456101656,0.00048547593178227544,0.00021412898786365986,0.0021760871168226004,0.0047884369269013405,0.007020723540335894,0.0062848408706486225,0.011109697632491589
0.00028495758306235075,0.0004599214589688927,0.00048813538160175085,0.00043928256491199136,0.0004679541743826121,0.001786286709830165,0.004459412768483162,0.007124000694602728,0.00853042770177126,0.008053570054471493
0.00028512394055724144,0.00045753788435831666,0.00043595669558271766,0.00035401288187131286,0.0013718174304813147,0.001677912543527782,0.004170502070337534,0.006211936939507723,0.011174009181559086,0.0038456693291664124
0.00025822673342190683,0.0004665579181164503,0.0003969371900893748,0.00034783390583470464,0.0010642221895977855,0.001870835549198091,0.004089219029992819,0.0055611999705433846,0.007107431069016457,0.015913663432002068
0.00025243338313885033,0.000475878594443202,0.0003367228782735765,0.00030284564127214253,0.0009152007987722754,0.0022594539914280176,0.0039311847649514675,0.005132909398525953,0.011460928246378899,0.01077555026859045
0.00026707310462370515,0.0004363727930467576,0.0002426887658657506,0.0002654636627994478,0.0018223406514152884,0.0020358962938189507,0.0033842602279037237,0.005695044063031673,0.008493412286043167,0.011130504310131073
0.0013036237796768546,0.0004719325224868953,0.00019995085312984884,0.00024714466417208314,0.0025907678063958883,0.001847025123424828,0.004115008749067783,0.006187647581100464,0.006960327737033367,0.008334142155945301
0.0004587101866491139,0.0004543453105725348,0.00019706868624780327,0.0002304160880157724,0.0007483463268727064,0.0017136497190222144,0.004503689706325531,0.007516494486480951,0.006849481258541346,0.011454974301159382
0.00038655870594084263,0.00044176762457937,0.00023195760149974376,0.00021924538305029273,0.00042406009742990136,0.0015638750046491623,0.0037949534598737955,0.008940714411437511,0.00735466880723834,0.008379523642361164
0.0003270406450610608,0.00045464662252925336,0.0003927544457837939,0.0002104943705489859,0.0002538933476898819,0.0013973452150821686,0.003574779024347663,0.0110612278804183,0.011379776522517204,0.010629805736243725
0.00036764267133548856,0.00047072290908545256,0.0003061735478695482,0.0002118551346939057,0.0001977530773729086,0.0014210506342351437,0.003590418491512537,0.010324751026928425,0.009491560980677605,0.006807880010455847
0.00034525597584433854,0.0004603210254572332,0.00028597298660315573,0.00034125137608498335,0.00019649998284876347,0.0019219332607463002,0.003491395153105259,0.009701079688966274,0.008221142925322056,0.009439835324883461
0.0004234941443428397,0.0004565105773508549,0.00030290443100966513,0.00028656807262450457,0.0002427915169391781,0.0019629804883152246,0.004748222883790731,0.008886346593499184,0.010563968680799007,0.008617541752755642
0.0005773314042016864,0.0005204034969210625,0.0002800115034915507,0.0003035451518371701,0.0008701171027496457,0.0018726721173152328,0.004882467444986105,0.009937315247952938,0.012010149657726288,0.008918403647840023
0.000620485981926322,0.0004908586270175874,0.00026480542146600783,0.0007891927380114794,0.0008277719607576728,0.0022269918117672205,0.0046831164509058,0.009395159780979156,0.008241980336606503,0.007441647816449404
0.0007454085862264037,0.0004473025619518012,0.0003455067053437233,0.0004644423024728894,0.0008755183080211282,0.0017008676659315825,0.003551802597939968,0.008949137292802334,0.007004168815910816,0.006381718907505274
0.0006084077758714557,0.0004466005484573543,0.0004935882752761245,0.0009955237619578838,0.0005963912117294967,0.0015032519586384296,0.004494138062000275,0.008008735254406929,0.00613941065967083,0.0074097649194300175
0.0006249431753531098,0.0004471628926694393,0.0006954458658583462,0.0004278689157217741,0.0009958890732377768,0.001620344235561788,0.004273037891834974,0.006403190083801746,0.007487443275749683,0.005124354735016823
0.000679351098369807,0.00045204555499367416,0.0005377119523473084,0.0004156634968239814,0.0027429957408457994,0.0017026560381054878,0.00517515791580081,0.004926204681396484,0.00606991071254015,0.005182787775993347
0.0006773266941308975,0.00048245457583107054,0.0006658626953139901,0.0005481847911141813,0.001921638147905469,0.0017819107742980123,0.0068964664824306965,0.006649105343967676,0.0043053412809967995,0.005079326685518026
0.00048402638640254736,0.0004942857194691896,0.0006406245520338416,0.0005330506828613579,0.0012889645295217633,0.0017962129786610603,0.0076652877032756805,0.006405279040336609,0.005765313282608986,0.0025051257107406855
0.00042282481444999576,0.0004486004472710192,0.000561361201107502,0.0004554983461275697,0.0011811574222519994,0.0016430196119472384,0.007909717038273811,0.006626337766647339,0.007598635740578175,0.010730741545557976
0.0004997634096071124,0.0004648843896575272,0.0008628200157545507,0.000657746335491538,0.00129048025701195,0.0017670502420514822,0.006658273749053478,0.008090449497103691,0.01164328120648861,0.009982765652239323
0.00040562200592830777,0.00044980141683481634,0.0008913771016523242,0.0006739839445799589,0.0012891972437500954,0.0021972781978547573,0.004220687318593264,0.007180941291153431,0.010340713895857334,0.00936504639685154
0.0003735623904503882,0.0004163681296631694,0.0008851150050759315,0.000597282312810421,0.0005588039057329297,0.001981823006644845,0.004734693560749292,0.00791593175381422,0.009864979423582554,0.007228436879813671
0.00032561004627496004,0.0004059063794557005,0.000726809143088758,0.001112484373152256,0.0003606867976486683,0.0019011363619938493,0.005569400265812874,0.0107941385358572,0.008445086888968945,0.007820016704499722
0.0004440067568793893,0.0003984280047006905,0.0005901012336835265,0.000988685293123126,0.00028729645418934524,0.00198924052529037,0.005510289222002029,0.008473172783851624,0.008607600815594196,0.008148864842951298
0.000300340325338766,0.00039260147605091333,0.0007238587131723762,0.0008512646891176701,0.00027281171060167253,0.0022192050237208605,0.00452636880800128,0.007441277150064707,0.008626307360827923,0.009972669184207916
0.0003759160463232547,0.0003896867565345019,0.0009298812947236001,0.0006870474899187684,0.0003905211924575269,0.0018559350864961743,0.004401427693665028,0.008252572268247604,0.008042213506996632,0.009978681802749634
0.0003807503671851009,0.0003813484509009868,0.0006373400101438165,0.00044216401875019073,0.00042634783312678337,0.001697286730632186,0.004858439788222313,0.010829712264239788,0.00690349331125617,0.009558252058923244
0.00029312176047824323,0.00036658073076978326,0.0006896065315231681,0.0008245985954999924,0.0003525663632899523,0.0018298939103260636,0.004588192328810692,0.007478382904082537,0.008792060427367687,0.009172800928354263
0.00032751017715781927,0.00035507019492797554,0.0005791009170934558,0.0019303058506920934,0.0003885990590788424,0.001867799088358879,0.005151635967195034,0.009204545989632607,0.00829026848077774,0.00872762966901064
0.00031892958213575184,0.0003401940921321511,0.000785844458732754,0.0010554062901064754,0.001109441975131631,0.00171004724688828,0.0049679516814649105,0.00594894727692008,0.0066368114203214645,0.007547760847955942
0.0002809592988342047,0.0003340210241731256,0.0006871321238577366,0.000635128584690392,0.0009401105344295502,0.0016654054634273052,0.003684388939291239,0.004656861536204815,0.006732795387506485,0.007526162080466747
0.00026716466527432203,0.0003469382645562291,0.0005141206202097237,0.00124633708037436,0.0006522341282106936,0.0014199353754520416,0.005331291817128658,0.006359847728163004,0.006572741083800793,0.009426502510905266
0.00026829124544747174,0.0003789793699979782,0.00040449859807267785,0.0009698682697489858,0.0004435922601260245,0.0014366758987307549,0.005002241116017103,0.005945694632828236,0.007817341946065426,0.0072869835421442986
0.00026585912564769387,0.0003864940954372287,0.0005271159461699426,0.001088547520339489,0.00037660374073311687,0.001615715678781271,0.005512329749763012,0.006496570538729429,0.0051663522608578205,0.008817646652460098
0.00028069879044778645,0.00037699780659750104,0.0013364001642912626,0.0011233771219849586,0.00036944582825526595,0.0016954520251601934,0.0063179368153214455,0.00778230233117938,0.01309523731470108,0.006343057844787836
0.0002753342851065099,0.0003764876746572554,0.0012574406573548913,0.0009408746846020222,0.00036030716728419065,0.0018524586921557784,0.005710797384381294,0.007920756936073303,0.011776361614465714,0.005766337271779776
0.00038587889866903424,0.00037099115434102714,0.0006841386784799397,0.0008701251936145127,0.0003131203702650964,0.0017615801189094782,0.005507009569555521,0.007973234169185162,0.009344262070953846,0.004486453253775835
0.00031039072200655937,0.0003615187597461045,0.0005077232490293682,0.0004964799154549837,0.0001970831654034555,0.0017212610691785812,0.0053629279136657715,0.00752639165148139,0.01037511508911848,0.008444671519100666
0.000273895391728729,0.0003474123077467084,0.0004073453019373119,0.0002403311082161963,0.00019838805019389838,0.001589905470609665,0.00580970523878932,0.006479885894805193,0.008832062594592571,0.008021087385714054
0.00028793184901587665,0.0003249869041610509,0.00035219642450101674,0.0002718740433920175,0.00045811833115294576,0.0018315005581825972,0.006283202674239874,0.006692167371511459,0.007371863350272179,0.008125307969748974
0.0002779781352728605,0.0003032123204320669,0.0003628280246630311,0.0005832889582961798,0.0008121427381411195,0.0017460130620747805,0.005087547469884157,0.005566038656979799,0.007479771971702576,0.006168110761791468
0.00027009559562429786,0.000299551960779354,0.0004950668080709875,0.0007004342041909695,0.0006580434273928404,0.0014725193614140153,0.0045262668281793594,0.006404900923371315,0.009902384132146835,0.007033893838524818
0.0002641497121658176,0.00031782948644831777,0.0004654806980397552,0.00041208797483704984,0.000472769548650831,0.001900604460388422,0.004231597296893597,0.008728540502488613,0.008726587519049644,0.0055580176413059235
0.0002860424283426255,0.00034801283618435264,0.0003978961321990937,0.0003340837429277599,0.0004622534615918994,0.0018776284996420145,0.005485918838530779,0.007173342164605856,0.008260384202003479,0.00833537895232439
0.00028010577079840004,0.0003595502639655024,0.0004958948120474815,0.0002965775493066758,0.0005208170623518527,0.001680154469795525,0.004301054868847132,0.006536549422889948,0.005846776068210602,0.0070215254090726376
0.0002708197571337223,0.0003306842700112611,0.000404262391384691,0.0004422891070134938,0.00044083839748054743,0.0014956895029172301,0.0045301951467990875,0.006068474613130093,0.004860051441937685,0.007971744984388351
0.0002643810585141182,0.0003186795220244676,0.0004034216399304569,0.0006809371989220381,0.0003729170421138406,0.0018218406476080418,0.0061422125436365604,0.006366054527461529,0.004750385880470276,0.009129464626312256
0.0002575828111730516,0.00033110391814261675,0.00036362383980304003,0.0006332187331281602,0.0002854473132174462,0.0018029784550890326,0.005844517145305872,0.007806159555912018,0.005802538711577654,0.007284723222255707
0.00035566918086260557,0.000362025952199474,0.0002889025490731001,0.00048133599921129644,0.00023945621796883643,0.001859955140389502,0.007162625435739756,0.007189054042100906,0.008161274716258049,0.007928639650344849
0.0003350662300363183,0.00041562729165889323,0.00047771737445145845,0.00040037024882622063,0.00024246476823464036,0.0017542521236464381,0.005695344880223274,0.007536282762885094,0.008463202975690365,0.0096845468506217
0.0010101157240569592,0.0003828478802461177,0.00030803217669017613,0.00038510008016601205,0.0002835836203303188,0.0022331939544528723,0.005314690992236137,0.006948604714125395,0.007652981206774712,0.007283541839569807
0.0007926261750981212,0.0003777023812290281,0.00041745914495550096,0.000375072646420449,0.0002608058857731521,0.0020313879940658808,0.005490317940711975,0.006678924895823002,0.008610298857092857,0.006907577160745859
0.0008921335684135556,0.00036805926356464624,0.0003180548665113747,0.00035477252095006406,0.0005970232305116951,0.002116420306265354,0.006731138098984957,0.006075854413211346,0.011625347658991814,0.005903656128793955
0.0006820248672738671,0.0003732784534804523,0.0003193890443071723,0.000352030445355922,0.00040812790393829346,0.00170818530023098,0.006121088284999132,0.006521045695990324,0.009743131697177887,0.006554528139531612
0.0005054763169027865,0.000371920526959002,0.00027841341216117144,0.00043110683327540755,0.0005696338484995067,0.0016519528580829501,0.00540872011333704,0.009760243818163872,0.011279740370810032,0.007671874947845936
0.0004992804024368525,0.0003595495654735714,0.00028675017529167235,0.00045406451681628823,0.0003479974693618715,0.0015705248806625605,0.004418529570102692,0.008188788779079914,0.010218847543001175,0.006765046622604132
0.0005994518869556487,0.0003417993139009923,0.00033726717811077833,0.00034019301529042423,0.00024808244779706,0.001622307114303112,0.004571136552840471,0.006939656566828489,0.008288021199405193,0.008166070096194744
0.0004457136965356767,0.0003222572267986834,0.0002769454149529338,0.0002745113451965153,0.00029816635651513934,0.0015139954630285501,0.005375060718506575,0.006167083512991667,0.007551559712737799,0.009192422032356262
0.00042183842742815614,0.0003135425504297018,0.0002369362919125706,0.00024389942700508982,0.00028746749740093946,0.0015964112244546413,0.0050556957721710205,0.005719386972486973,0.0063619608990848064,0.00820408295840025
0.0004130265151616186,0.00030816427897661924,0.0002279707696288824,0.00022581274970434606,0.0003431446966715157,0.001540458993986249,0.0056455605663359165,0.005788811016827822,0.006157600320875645,0.0062623899430036545
0.00037260778481140733,0.00030060322023928165,0.000307764537865296,0.00021166319493204355,0.0007693340303376317,0.0015269884606823325,0.007155609782785177,0.008124450221657753,0.0065877968445420265,0.005937587935477495
0.00036208098754286766,0.00033200590405613184,0.0005392109742388129,0.00020599178969860077,0.0020662068855017424,0.0014604803873226047,0.0077492413111031055,0.00900956243276596,0.006196761038154364,0.010176685638725758
0.00036105007166042924,0.00030221170163713396,0.0004047914408147335,0.00020378232875373214,0.0017814297461882234,0.0014456751523539424,0.0068973880261182785,0.007552862633019686,0.005598827730864286,0.011149111203849316
0.00037132931174710393,0.0003052584361284971,0.00037371390499174595,0.00021778738300781697,0.0013749232748523355,0.002104968996718526,0.006983339320868254,0.00910242646932602,0.007206462789326906,0.008134321309626102
0.0010177853982895613,0.0003497302532196045,0.00033631717087700963,0.00023802206851541996,0.0011772462166845798,0.0020364157389849424,0.006646706257015467,0.007148907985538244,0.007832270115613937,0.00549102108925581
0.00046699392260052264,0.00046495074639096856,0.0003284159174654633,0.00025996030308306217,0.0016163699328899384,0.0018709116848185658,0.004072797019034624,0.006334994453936815,0.00959769170731306,0.009195899590849876
0.000356498290784657,0.00041921509546227753,0.00034506196971051395,0.0006929176161065698,0.0016269444022327662,0.0017484051641076803,0.004014372825622559,0.005536527372896671,0.012084722518920898,0.004801797214895487
0.0003396041283849627,0.0004007101815659553,0.00037563894875347614,0.0005708057433366776,0.0015024275053292513,0.0015249844873324037,0.004201005212962627,0.006890390533953905,0.011327319778501987,0.00616598641499877
0.0003397659456823021,0.00040227005956694484,0.0003628314007073641,0.0003604613011702895,0.001479437225498259,0.0015299825463443995,0.004266722593456507,0.00795187521725893,0.012590921483933926,0.0085883354768157
0.00029238907154649496,0.00041669487836770713,0.00031940051121637225,0.00027223522192798555,0.0009092891123145819,0.0013385354541242123,0.0035070101730525494,0.0091412253677845,0.00936660636216402,0.007971507497131824
0.0004271031357347965,0.00040497389272786677,0.00030794271151535213,0.00038896664045751095,0.0006131184636615217,0.0014415797777473927,0.004509534686803818,0.007482667453587055,0.00857549998909235,0.006398017052561045
0.00043649430153891444,0.00039486351306550205,0.000364995445124805,0.000700992182828486,0.0005372674204409122,0.001590110594406724,0.00511465547606349,0.006054205819964409,0.009077108465135098,0.0047545465640723705
0.0003569275140762329,0.0004199593386147171,0.0005934036453254521,0.0013044661609455943,0.0003374791704118252,0.0016309962375089526,0.0056080943904817104,0.005100265610963106,0.009598344564437866,0.009831932373344898
0.0003130758414044976,0.0004049664130434394,0.0007232701173052192,0.0012234520399942994,0.00025871131219901145,0.0016589770093560219,0.005366776138544083,0.006723618134856224,0.009452593512833118,0.007266070693731308
0.0003314961795695126,0.00039430614560842514,0.0012880762806162238,0.0015204676892608404,0.0002722871722653508,0.001531425048597157,0.006200841628015041,0.00910023134201765,0.009859444573521614,0.007875869050621986
0.0003322259581182152,0.00038967799628153443,0.0012964054476469755,0.0015586134977638721,0.0002618721919134259,0.0015725287375971675,0.006751005072146654,0.007756407372653484,0.007406426593661308,0.0063150725327432156
0.00032218947308138013,0.00040154217276722193,0.001037829788401723,0.0015444220043718815,0.0002456098736729473,0.001685945549979806,0.006996552459895611,0.008777443319559097,0.006112007424235344,0.0058646537363529205
0.0004125811974518001,0.00041744919144548476,0.0007399828173220158,0.0011500980472192168,0.00023316606529988348,0.0016601703828200698,0.006457989104092121,0.007002835161983967,0.010361756198108196,0.006832930259406567
0.00031304205185733736,0.0004271643119864166,0.0008934106444939971,0.0007517742342315614,0.00021680443023797125,0.001639948459342122,0.005484235007315874,0.008629027754068375,0.005940974690020084,0.00572222750633955
0.00045259081525728106,0.0004261386930011213,0.0008030473254621029,0.0007940555224195123,0.00019813615654129535,0.0015311550814658403,0.005586370825767517,0.008795530535280704,0.010377255268394947,0.004370029084384441
0.0003706972347572446,0.0004222351126372814,0.0007408809033222497,0.0017444161931052804,0.00019787755445577204,0.0016194888157770038,0.0059155672788619995,0.008145364932715893,0.008629894815385342,0.003922061063349247
0.00032116755028255284,0.00042500876588746905,0.0011317927855998278,0.001606572070159018,0.0002871847536880523,0.0019117763731628656,0.004146672319620848,0.006038020830601454,0.01102920901030302,0.005359525326639414
0.00046645401744171977,0.00042904180008918047,0.0010475247399881482,0.001170799951069057,0.00040620932122692466,0.0015751337632536888,0.0059739453718066216,0.006604271940886974,0.011177231557667255,0.005942098796367645
0.0005958076799288392,0.00042985117761418223,0.0015252408338710666,0.0008255077991634607,0.00024047732586041093,0.0013404942583292723,0.005185309797525406,0.006894836202263832,0.009287242777645588,0.00542079983279109
0.00036632243427447975,0.0004366299253888428,0.0012551031541079283,0.0006407622713595629,0.0002305045200046152,0.0014703392516821623,0.00663784658536315,0.007695866283029318,0.007072798442095518,0.00764771644026041
0.00028352224035188556,0.00043235436896793544,0.0016835033893585205,0.0009632480796426535,0.0002226574142696336,0.0016435337020084262,0.006693667732179165,0.007909541949629784,0.00728619983419776,0.007939545437693596
0.000308353133732453,0.00040032609831541777,0.0019216530490666628,0.0007746811024844646,0.0002037083904724568,0.001686949748545885,0.006519485730677843,0.0064713922329247,0.006460614502429962,0.012528070248663425
0.000279532017884776,0.0003729159652721137,0.001199073507450521,0.0007157711661420763,0.00020367860270198435,0.0015942417085170746,0.006936034187674522,0.007792816497385502,0.007711625192314386,0.011501782573759556
0.0003012365195900202,0.00035635189851745963,0.0008149112691171467,0.0007704675081185997,0.00023357302416116,0.001573211862705648,0.006915754172950983,0.008487524464726448,0.006569459568709135,0.008020462468266487
0.00039901997661218047,0.0003499238518998027,0.00060979527188465,0.0013227718882262707,0.0005547350156120956,0.0014492070768028498,0.005709643010050058,0.010135570541024208,0.004689911846071482,0.00797533430159092
0.00032031978480517864,0.0003457115963101387,0.00042447986197657883,0.001209270441904664,0.00048670294927433133,0.0016009665559977293,0.005618091206997633,0.00901266373693943,0.004877969156950712,0.006816849112510681
0.0003049004008062184,0.00034879191662184894,0.00033363644615747035,0.0007181697292253375,0.0004276110848877579,0.00158513686619699,0.004703819286078215,0.007734900340437889,0.006387584377080202,0.007743216119706631
0.00034278814564459026,0.00034654352930374444,0.0002962292346637696,0.0005757873295806348,0.000401316792704165,0.0015074048424139619,0.004797107540071011,0.007031827233731747,0.010693148709833622,0.0099272346124053
0.0005380443762987852,0.00034504616633057594,0.00028624036349356174,0.0004918152699247003,0.0007618868257850409,0.0016525222454220057,0.005320747848600149,0.007318119052797556,0.009914854541420937,0.006776173133403063
0.0007607024163007736,0.00035010266583412886,0.00026877166237682104,0.0003826406318694353,0.0010985464323312044,0.0017666553612798452,0.006949754897505045,0.006736120209097862,0.008923466317355633,0.005478198640048504
0.0007324173348024487,0.0003652258892543614,0.0002625100896693766,0.00032522412948310375,0.001053115469403565,0.001808868139050901,0.005740636959671974,0.008791722357273102,0.008043252862989902,0.005249598529189825
0.0005659054731950164,0.00037912349216639996,0.00031971681164577603,0.0002936973178293556,0.0013352010864764452,0.0015103649348020554,0.003985763527452946,0.007207081653177738,0.008633957244455814,0.004448343999683857
0.0005163924070075154,0.00037789627094753087,0.00027708857669495046,0.0002639275335241109,0.0010028152028098702,0.0014380981447175145,0.004082716070115566,0.008215738460421562,0.008746054023504257,0.004804603289812803
0.0004894875455647707,0.0003702288377098739,0.0002755137684289366,0.0002698630269151181,0.0008365511894226074,0.0015040459111332893,0.004168755374848843,0.006878361105918884,0.007451354525983334,0.003737668739631772
0.0005065510049462318,0.0003962257760576904,0.00028622790705412626,0.00027104566106572747,0.0009455144754610956,0.0018655952299013734,0.006059977225959301,0.006680335383862257,0.009139676578342915,0.004772973246872425
0.0004915326717309654,0.0004047127440571785,0.0003142823406960815,0.00023942493135109544,0.0006268831202760339,0.0019093889277428389,0.006153102498501539,0.006955021061003208,0.006722903344780207,0.007210888899862766
0.0004322174354456365,0.000377671851310879,0.00033312762388959527,0.00022837697179056704,0.00035423325607553124,0.001736170263029635,0.004507105331867933,0.008119722828269005,0.005401695147156715,0.01011451706290245
0.0004520519287325442,0.0003781668492592871,0.0002956536191049963,0.00021819279936607927,0.00024823800777085125,0.0016710838535800576,0.004083246923983097,0.008722454309463501,0.010700673796236515,0.010760749690234661
0.00043657649075612426,0.00038792460691183805,0.00038873410085216165,0.00021799370006192476,0.0002137023548129946,0.0018831936176866293,0.005148343741893768,0.010323676280677319,0.009204545058310032,0.009644445031881332
0.0004555993073154241,0.00036530615761876106,0.0004275524406693876,0.0004266969335731119,0.00020293847774155438,0.0014907839940860868,0.0068328189663589,0.010137048549950123,0.007099664770066738,0.008772526867687702
0.00043333222856745124,0.0003712354227900505,0.00043635498150251806,0.000508161960169673,0.00020201702136546373,0.0014799023047089577,0.006910305004566908,0.0068773129023611546,0.006920968182384968,0.00763164646923542
0.0003522577171679586,0.0003916960849892348,0.0004496621841099113,0.0005610707448795438,0.00021032002405263484,0.0016407540533691645,0.006713788025081158,0.007459590677171946,0.012297164648771286,0.005587974563241005
0.0004153285117354244,0.0004139081866014749,0.00038019081694073975,0.0003331057378090918,0.00023362640058621764,0.0014873690670356154,0.003907372243702412,0.007682302501052618,0.009875400923192501,0.005045639351010323
0.0003303906705696136,0.00044199012336321175,0.00026013521710410714,0.00026634964160621166,0.00024437764659523964,0.0014084039721637964,0.0035178163088858128,0.0077147046104073524,0.00812399759888649,0.00899361353367567
0.0003222217201255262,0.00044463519589044154,0.0002068452740786597,0.00023411799338646233,0.00022543927480001003,0.0012532041873782873,0.004966150503605604,0.00779197970405221,0.008395841345191002,0.00908995233476162
0.0003427238261792809,0.0004380160535220057,0.00023985143343452364,0.00022364218602888286,0.0002369204885326326,0.0014258729061111808,0.006635588128119707,0.007441290654242039,0.008696447126567364,0.010743347927927971
0.0002935626544058323,0.0004277570405974984,0.0003090281970798969,0.00022378227731678635,0.00025537097826600075,0.001584530109539628,0.0049284384585917,0.005690152756869793,0.009615834802389145,0.008728633634746075
0.00029718095902353525,0.00042098708217963576,0.00027369699091650546,0.00022529528359882534,0.0005393810570240021,0.001633303938433528,0.006182356737554073,0.00735950842499733,0.007125293370336294,0.006218847818672657
0.0003522972692735493,0.0004118062788620591,0.0002540237328503281,0.00025975596508942544,0.0016065308591350913,0.001767343608662486,0.005621465854346752,0.0064391703344881535,0.005546764004975557,0.005768222268670797
0.0003358765097800642,0.0003968114615418017,0.0002447256410960108,0.00037810331559740007,0.0012740156380459666,0.0015045040054246783,0.006169228348881006,0.005983071401715279,0.0045324210077524185,0.006028731819242239
0.0002845260896719992,0.00038721345481462777,0.00023926602443680167,0.00040326325688511133,0.0016540782526135445,0.0017803219379857183,0.00566834257915616,0.008129528723657131,0.004383974242955446,0.007542110979557037
0.000278957886621356,0.0003803368890658021,0.0002322615182492882,0.0003764928551390767,0.001118644722737372,0.0016043592477217317,0.006170941982418299,0.007709365803748369,0.004998340271413326,0.004116690717637539
0.00029463169630616903,0.0003721710527315736,0.000394975213566795,0.0009297722717747092,0.0010452072601765394,0.002249888377264142,0.006908828392624855,0.009664108045399189,0.014262710697948933,0.00870312936604023
0.00024839738034643233,0.00036542670568451285,0.00027811279869638383,0.001015264424495399,0.0014594853855669498,0.0019429281819611788,0.005976250395178795,0.010681809857487679,0.010959146544337273,0.012445618398487568
0.0002557600673753768,0.000373425311408937,0.0002543354348745197,0.0004597093793563545,0.0011186967603862286,0.0016245190054178238,0.004518992267549038,0.0077127753756940365,0.012105798348784447,0.009521805681288242
0.00036757183261215687,0.00039117285632528365,0.0002337494515813887,0.000412088877055794,0.001396600971929729,0.0014434774639084935,0.004285288043320179,0.006375815253704786,0.010625053197145462,0.00895769614726305
0.00029887622804380953,0.00040480977622792125,0.00021718544303439558,0.0006199166527949274,0.0010099797509610653,0.0013233418576419353,0.004475155845284462,0.006044431589543819,0.00990462489426136,0.007623002398759127
0.0002562582667451352,0.00042075832607224584,0.00019816693384200335,0.0014960303669795394,0.00047033122973516583,0.0015594050055369735,0.00628735451027751,0.00809229351580143,0.009154366329312325,0.008252204395830631
0.0003088046214543283,0.00042865058640018106,0.00019324570894241333,0.0006181218195706606,0.00035140139516443014,0.001622732961550355,0.005759061314165592,0.006939186714589596,0.008315910585224628,0.008200186304748058
0.0003494026605039835,0.0004100874939467758,0.000195098968106322,0.0004152157052885741,0.0005464402493089437,0.0015204382361844182,0.006371485535055399,0.006906340830028057,0.006050147581845522,0.0125737888738513
0.00034813140518963337,0.0004109193687327206,0.0003761746920645237,0.0003332410706207156,0.0008285564836114645,0.0012690775329247117,0.004177751950919628,0.006522295996546745,0.005976445972919464,0.010303495451807976
0.0004523780371528119,0.0004035855527035892,0.0005085378652438521,0.00042057648533955216,0.0025556236505508423,0.0013120305957272649,0.00406453525647521,0.007988926023244858,0.00851871632039547,0.007472533732652664
0.000410449574701488,0.00040296040242537856,0.00036559085128828883,0.0005616651615127921,0.0019396385177969933,0.0013856654986739159,0.00528257992118597,0.00549029977992177,0.009121058508753777,0.011062107980251312
0.0004322199383750558,0.0004331841482780874,0.00032668147468939424,0.0004095915937796235,0.001084186602383852,0.001406127936206758,0.004448833875358105,0.007525093853473663,0.00831986777484417,0.005441104061901569
0.000370487745385617,0.00045754422899335623,0.0003908598446287215,0.0005581426667049527,0.000692930945660919,0.0014195970725268126,0.004566451068967581,0.0072567882016301155,0.00808627624064684,0.006853683851659298
0.0003392050857655704,0.0004231002531014383,0.0005188627983443439,0.000343130377586931,0.0005696106818504632,0.001379176857881248,0.006280524656176567,0.008143320679664612,0.008289318531751633,0.004769124556332827
0.000308072951156646,0.00042659102473407984,0.00039771111914888024,0.001157927792519331,0.0004967745626345277,0.001300003845244646,0.006708479020744562,0.01297084242105484,0.008808981627225876,0.007178013678640127
0.00029786722734570503,0.0004357322468422353,0.0008180075674317777,0.0005888190353289247,0.00035042763920500875,0.0014004362747073174,0.005421388428658247,0.009106430225074291,0.008030065335333347,0.007528719492256641
0.0002992301306221634,0.0004408550448715687,0.001078723929822445,0.0006022340385243297,0.00025184114929288626,0.0016664696158841252,0.0043382602743804455,0.008045084774494171,0.007961404509842396,0.006239316426217556
0.0006469921208918095,0.00043070653919130564,0.000996207701973617,0.0013399238232523203,0.00043835968244820833,0.0017939864192157984,0.005689274985343218,0.008020450361073017,0.01059614960104227,0.00416284566745162
0.0003863446763716638,0.0004098889767192304,0.0008476058719679713,0.001167183741927147,0.0009225821122527122,0.001465338165871799,0.007057707756757736,0.009134532883763313,0.009510615840554237,0.007426062133163214
0.00043154729064553976,0.0003958677116315812,0.0007406781078316271,0.000926102336961776,0.0010402655461803079,0.0014149271883070469,0.0060122692957520485,0.008042695932090282,0.006606807932257652,0.006181385368108749
0.0003993078717030585,0.00038692960515618324,0.000583409215323627,0.0009791611228138208,0.0008970731869339943,0.0014237618306651711,0.006433992180973291,0.00781518779695034,0.006508837919682264,0.006559265311807394
0.0004737767740152776,0.0003803935833275318,0.0005444596754387021,0.0007844115607440472,0.0006783860735595226,0.0014393538003787398,0.005757232196629047,0.00848089437931776,0.009362295269966125,0.014769420027732849
0.0005271764239296317,0.00037787342444062233,0.0005418341024778783,0.0007650945335626602,0.00040788098704069853,0.0015999673632904887,0.0056673274375498295,0.007481426931917667,0.008969152346253395,0.012065107002854347
0.00044205377344042063,0.0003758553648367524,0.0004958384670317173,0.0005315275629982352,0.00031563767697662115,0.0013272735523059964,0.0051823752000927925,0.0071069891564548016,0.006243368145078421,0.008643331937491894
0.0004373681149445474,0.0003752726479433477,0.0004877928295172751,0.0005305134109221399,0.00024876557290554047,0.0012860328424721956,0.007569453679025173,0.005761479027569294,0.009766969829797745,0.0070735737681388855
0.00041447088005952537,0.00038393662543967366,0.0006773649365641177,0.000705791637301445,0.00021485364413820207,0.0012369588948786259,0.005713710095733404,0.004832293372601271,0.012960651889443398,0.006456798408180475
0.0004043988592457026,0.0003842679725494236,0.0006270661833696067,0.0005400158115662634,0.0001999747328227386,0.0016643493436276913,0.007588776294142008,0.006723096128553152,0.010286078788340092,0.0058343736454844475
0.0003804298467002809,0.00037907256046310067,0.0005851213936693966,0.00043984982767142355,0.00019486446399241686,0.0018403824651613832,0.007001695688813925,0.010277137160301208,0.008000772446393967,0.005931932479143143
0.0003872607194352895,0.00037715048529207706,0.00046757032396271825,0.0005473948549479246,0.00021316779020708054,0.0014842675300315022,0.006485489662736654,0.00964056421071291,0.008152160793542862,0.003702181624248624
0.0003643774543888867,0.0003721261746250093,0.00035614060470834374,0.0005937076639384031,0.00025821354938670993,0.0013320775469765067,0.005804954096674919,0.008283087983727455,0.008417455479502678,0.006160228978842497
0.0003401079447939992,0.0003701008390635252,0.0003457228885963559,0.0008329184493049979,0.00023168610641732812,0.001373525708913803,0.004403957165777683,0.008219699375331402,0.00841886829584837,0.004524632822722197
0.0003494205593597144,0.00037039793096482754,0.00035997742088511586,0.0006474352558143437,0.0002727401733864099,0.001256415038369596,0.004005717113614082,0.011868654750287533,0.010339062660932541,0.00556678744032979
0.00031802128069102764,0.00036922027356922626,0.00029808588442392647,0.00040647410787642,0.0004552815807983279,0.0014818109339103103,0.00423332117497921,0.010176006704568863,0.008170241490006447,0.004693930968642235
0.00028692418709397316,0.0003604332450777292,0.0004011516575701535,0.0012310456950217485,0.0003924340708181262,0.0013186536962166429,0.0068341214209795,0.008276073262095451,0.006806217599660158,0.004102382343262434
0.00023641501320526004,0.00037312982021830976,0.0005983174196444452,0.002222521463409066,0.00035461471998132765,0.0012769754976034164,0.006253684405237436,0.008811029605567455,0.00855940394103527,0.007286032661795616
0.00023737332958262414,0.0003902052412740886,0.00036166535574011505,0.001129713375121355,0.0003575264126993716,0.0013785973424091935,0.006953529082238674,0.0058457860723137856,0.006879033055156469,0.009700419381260872
0.0003242866660002619,0.0004050274146720767,0.00029206517501734197,0.00087549421004951,0.0003079019079450518,0.0011767372488975525,0.0047709764912724495,0.009288409724831581,0.00609433650970459,0.011371685191988945
0.00030097091803327203,0.00041247287299484015,0.00038238969864323735,0.0008651329553686082,0.00029481571982614696,0.001471571740694344,0.004285041708499193,0.008162560872733593,0.00883553083986044,0.012077798135578632
0.00025428118533454835,0.0004058461054228246,0.0003233577881474048,0.0005052332999184728,0.00027756451163440943,0.0018012105720117688,0.004219595808535814,0.008933777920901775,0.013689910992980003,0.0071471016854047775
0.0002727422979660332,0.00039373995969071984,0.0003456291160546243,0.0003637023037299514,0.0002486368757672608,0.0015210265992209315,0.0049082012847065926,0.007990672253072262,0.007584751583635807,0.008486518636345863
0.0002957968972623348,0.0003833394730463624,0.000309834664221853,0.0003732984187081456,0.00022660609101876616,0.0016107849078252912,0.00591418519616127,0.007073845714330673,0.006589106749743223,0.008458856493234634
0.0002590267395135015,0.00037629081634804606,0.0004149526357650757,0.000305423978716135,0.0002199818118242547,0.0016276518581435084,0.007470821030437946,0.006466744001954794,0.006241943687200546,0.006838394794613123
0.0002582981833256781,0.00036594655830413103,0.00042742956429719925,0.00026520167011767626,0.00021807900338899344,0.0013706727186217904,0.006527540739625692,0.007228544447571039,0.006642274092882872,0.0050113913603127
0.00026647496270015836,0.0003623189404606819,0.0007039106567390263,0.000255543360253796,0.00022000816534273326,0.0013943805824965239,0.00620402954518795,0.006882323883473873,0.007001989986747503,0.006718140095472336
0.00025678344536572695,0.0003629710990935564,0.0006066309288144112,0.00025169950095005333,0.0002359654026804492,0.0016390737146139145,0.005239538848400116,0.011209111660718918,0.007430526427924633,0.005655546672642231
0.0002443775883875787,0.0003517768927849829,0.0008654542034491897,0.0002464668941684067,0.0002531595528125763,0.001337516470812261,0.006065533496439457,0.010017154738307,0.007270124275237322,0.0037645690608769655
0.0002541245485190302,0.0003450534713920206,0.0009530020179226995,0.00024197128368541598,0.0003825942403636873,0.0011815207544714212,0.005928206257522106,0.00788594875484705,0.009365370497107506,0.006465183105319738
0.00027353852055966854,0.00034999853232875466,0.0008827887941151857,0.00023078257800079882,0.0005723487120121717,0.0011072499910369515,0.006505895406007767,0.00619568582624197,0.009440101683139801,0.004713584203273058
0.00026843228260986507,0.00037768844049423933,0.0007233449723571539,0.00022158128558658063,0.0005340644856914878,0.0011495136423036456,0.007287139073014259,0.00538871344178915,0.009113190695643425,0.005490320734679699
0.00044400017941370606,0.00040963682113215327,0.0005257732118479908,0.00021743836987297982,0.00048261546180583537,0.0013061126228421926,0.006959878373891115,0.006675111595541239,0.009785493835806847,0.008609125390648842
